country,flag,map,tags,population
England,"<img src=""ug-flag-england.svg"" />","<img src=""ug-map-england.png"" />",UG::Europe,56489800
Scotland,"<img src=""ug-flag-scotland.svg"" />","<img src=""ug-map-scotland.png"" />",UG::Europe,5463300
United Kingdom,"<img src=""ug-flag-united_kingdom.svg"" />","<img src=""ug-map-united_kingdom.png"" />","UG::Europe, UG::Sovereign_State",67026292
Northern Ireland,,"<img src=""ug-map-northern_ireland.png"" />",UG::Europe,1903100
France,"<img src=""ug-flag-france.svg"" />","<img src=""ug-map-france.png"" />","UG::Europe, UG::European_Union, UG::Mediterranean, UG::Sovereign_State",68128000
Wales,"<img src=""ug-flag-wales.svg"" />","<img src=""ug-map-wales.png"" />",UG::Europe,3267501
Georgia,"<img src=""ug-flag-georgia.svg"" />","<img src=""ug-map-georgia.png"" />","UG::Europe, UG::Sovereign_State",3736400
Germany,"<img src=""ug-flag-germany.svg"" />","<img src=""ug-map-germany.png"" />","UG::Europe, UG::European_Union, UG::Sovereign_State",84432670
Greece,"<img src=""ug-flag-greece.svg"" />","<img src=""ug-map-greece.png"" />","UG::Europe, UG::European_Union, UG::Mediterranean, UG::Sovereign_State",10482487
Greenland,"<img src=""ug-flag-greenland.svg"" />","<img src=""ug-map-greenland.png"" />",UG::North_America,56609
Hungary,"<img src=""ug-flag-hungary.svg"" />","<img src=""ug-map-hungary.png"" />","UG::Europe, UG::European_Union, UG::Sovereign_State",9597085
Albania,"<img src=""ug-flag-albania.svg"" />","<img src=""ug-map-albania.png"" />","UG::Europe, UG::Mediterranean, UG::Sovereign_State",2761785
Andorra,"<img src=""ug-flag-andorra.svg"" />","<img src=""ug-map-andorra.png"" />","UG::Europe, UG::Sovereign_State",83523
Austria,"<img src=""ug-flag-austria.svg"" />","<img src=""ug-map-austria.png"" />","UG::Europe, UG::European_Union, UG::Sovereign_State",9129652
Azerbaijan,"<img src=""ug-flag-azerbaijan.svg"" />","<img src=""ug-map-azerbaijan.png"" />","UG::Europe, UG::Sovereign_State",10135373
Belarus,"<img src=""ug-flag-belarus.svg"" />","<img src=""ug-map-belarus.png"" />","UG::Europe, UG::Sovereign_State",9200617
Belgium,"<img src=""ug-flag-belgium.svg"" />","<img src=""ug-map-belgium.png"" />","UG::Europe, UG::European_Union, UG::Sovereign_State",11765225
Bosnia and Herzegovina,"<img src=""ug-flag-bosnia_and_herzegovina.svg"" />","<img src=""ug-map-bosnia_and_herzegovina.png"" />","UG::Europe, UG::Mediterranean, UG::Sovereign_State",3277082
Bulgaria,"<img src=""ug-flag-bulgaria.svg"" />","<img src=""ug-map-bulgaria.png"" />","UG::Europe, UG::European_Union, UG::Sovereign_State",6447710
Croatia,"<img src=""ug-flag-croatia.svg"" />","<img src=""ug-map-croatia.png"" />","UG::Europe, UG::European_Union, UG::Mediterranean, UG::Sovereign_State",3888529
Czech Republic,"<img src=""ug-flag-czech_republic.svg"" />","<img src=""ug-map-czech_republic.png"" />","UG::Europe, UG::European_Union, UG::Sovereign_State",10827529
Denmark,"<img src=""ug-flag-denmark.svg"" />","<img src=""ug-map-denmark.png"" />","UG::Europe, UG::European_Union, UG::Sovereign_State",5944145
Estonia,"<img src=""ug-flag-estonia.svg"" />","<img src=""ug-map-estonia.png"" />","UG::Europe, UG::European_Union, UG::Sovereign_State",1365884
Faroe Islands,"<img src=""ug-flag-faroe_islands.svg"" />","<img src=""ug-map-faroe_islands.png"" />",UG::Europe,54503
Finland,"<img src=""ug-flag-finland.svg"" />","<img src=""ug-map-finland.png"" />","UG::Europe, UG::European_Union, UG::Sovereign_State",5547549
Iceland,"<img src=""ug-flag-iceland.svg"" />","<img src=""ug-map-iceland.png"" />","UG::Europe, UG::Sovereign_State",394200
Ireland,"<img src=""ug-flag-ireland.svg"" />","<img src=""ug-map-ireland.png"" />","UG::Europe, UG::European_Union, UG::Sovereign_State",5149139
Italy,"<img src=""ug-flag-italy.svg"" />","<img src=""ug-map-italy.png"" />","UG::Europe, UG::European_Union, UG::Mediterranean, UG::Sovereign_State",58788924
Latvia,"<img src=""ug-flag-latvia.svg"" />","<img src=""ug-map-latvia.png"" />","UG::Europe, UG::European_Union, UG::Sovereign_State",1883400
Liechtenstein,"<img src=""ug-flag-liechtenstein.svg"" />","<img src=""ug-map-liechtenstein.png"" />","UG::Europe, UG::Sovereign_State",39680
Lithuania,"<img src=""ug-flag-lithuania.svg"" />","<img src=""ug-map-lithuania.png"" />","UG::Europe, UG::European_Union, UG::Sovereign_State",2866165
Luxembourg,"<img src=""ug-flag-luxembourg.svg"" />","<img src=""ug-map-luxembourg.png"" />","UG::Europe, UG::European_Union, UG::Sovereign_State",660809
North Macedonia,"<img src=""ug-flag-north_macedonia.svg"" />","<img src=""ug-map-north_macedonia.png"" />","UG::Europe, UG::Sovereign_State",1832696
Malta,"<img src=""ug-flag-malta.svg"" />","<img src=""ug-map-malta.png"" />","UG::Europe, UG::European_Union, UG::Mediterranean, UG::Sovereign_State",519562
Moldova,"<img src=""ug-flag-moldova.svg"" />","<img src=""ug-map-moldova.png"" />","UG::Europe, UG::Sovereign_State",2604000
Monaco,"<img src=""ug-flag-monaco.svg"" />","<img src=""ug-map-monaco.png"" />","UG::Europe, UG::Mediterranean, UG::Sovereign_State",39150
Montenegro,"<img src=""ug-flag-montenegro.svg"" />","<img src=""ug-map-montenegro.png"" />","UG::Europe, UG::Mediterranean, UG::Sovereign_State",616695
Netherlands,"<img src=""ug-flag-netherlands.svg"" />","<img src=""ug-map-netherlands.png"" />","UG::Europe, UG::European_Union, UG::Sovereign_State",17896000
Norway,"<img src=""ug-flag-norway.svg"" />","<img src=""ug-map-norway.png"" />","UG::Europe, UG::Sovereign_State",5504329
Poland,"<img src=""ug-flag-poland.svg"" />","<img src=""ug-map-poland.png"" />","UG::Europe, UG::European_Union, UG::Sovereign_State",37706000
Portugal,"<img src=""ug-flag-portugal.svg"" />","<img src=""ug-map-portugal.png"" />","UG::Europe, UG::European_Union, UG::Sovereign_State",10467366
Romania,"<img src=""ug-flag-romania.svg"" />","<img src=""ug-map-romania.png"" />","UG::Europe, UG::European_Union, UG::Sovereign_State",19053815
Russia,"<img src=""ug-flag-russia.svg"" />","<img src=""ug-map-russia.png"" />","UG::Europe, UG::Sovereign_State",146424729
San Marino,"<img src=""ug-flag-san_marino.svg"" />","<img src=""ug-map-san_marino.png"" />","UG::Europe, UG::Sovereign_State",33847
Serbia,"<img src=""ug-flag-serbia.svg"" />","<img src=""ug-map-serbia.png"" />","UG::Europe, UG::Sovereign_State",6647003
Slovakia,"<img src=""ug-flag-slovakia.svg"" />","<img src=""ug-map-slovakia.png"" />","UG::Europe, UG::European_Union, UG::Sovereign_State",5426857
Slovenia,"<img src=""ug-flag-slovenia.svg"" />","<img src=""ug-map-slovenia.png"" />","UG::Europe, UG::European_Union, UG::Mediterranean, UG::Sovereign_State",2117674
Spain,"<img src=""ug-flag-spain.svg"" />","<img src=""ug-map-spain.png"" />","UG::Europe, UG::European_Union, UG::Mediterranean, UG::Sovereign_State",48345223
Sweden,"<img src=""ug-flag-sweden.svg"" />","<img src=""ug-map-sweden.png"" />","UG::Europe, UG::European_Union, UG::Sovereign_State",10540886
Switzerland,"<img src=""ug-flag-switzerland.svg"" />","<img src=""ug-map-switzerland.png"" />","UG::Europe, UG::Sovereign_State",8865270
Turkey,"<img src=""ug-flag-turkey.svg"" />","<img src=""ug-map-turkey.png"" />","UG::Asia, UG::Mediterranean, UG::Middle_East, UG::Sovereign_State",85279553
Ukraine,"<img src=""ug-flag-ukraine.svg"" />","<img src=""ug-map-ukraine.png"" />","UG::Europe, UG::Sovereign_State",41130432
Vatican City,"<img src=""ug-flag-vatican_city.svg"" />","<img src=""ug-map-vatican_city.png"" />","UG::Europe, UG::Sovereign_State",246
Armenia,"<img src=""ug-flag-armenia.svg"" />","<img src=""ug-map-armenia.png"" />","UG::Europe, UG::Sovereign_State",2981200
Cyprus,"<img src=""ug-flag-cyprus.svg"" />","<img src=""ug-map-cyprus.png"" />","UG::Asia, UG::European_Union, UG::Mediterranean, UG::Middle_East, UG::Sovereign_State",918100
Kazakhstan,"<img src=""ug-flag-kazakhstan.svg"" />","<img src=""ug-map-kazakhstan.png"" />","UG::Asia, UG::Sovereign_State",19899377
Egypt,"<img src=""ug-flag-egypt.svg"" />","<img src=""ug-map-egypt.png"" />","UG::Africa, UG::Mediterranean, UG::Middle_East, UG::Sovereign_State",104462545
Algeria,"<img src=""ug-flag-algeria.svg"" />","<img src=""ug-map-algeria.png"" />","UG::Africa, UG::Mediterranean, UG::Sovereign_State",45400000
Angola,"<img src=""ug-flag-angola.svg"" />","<img src=""ug-map-angola.png"" />","UG::Africa, UG::Sovereign_State",33086278
Benin,"<img src=""ug-flag-benin.svg"" />","<img src=""ug-map-benin.png"" />","UG::Africa, UG::Sovereign_State, UG::West_Africa",12606998
Botswana,"<img src=""ug-flag-botswana.svg"" />","<img src=""ug-map-botswana.png"" />","UG::Africa, UG::Sovereign_State",2410338
Burkina Faso,"<img src=""ug-flag-burkina_faso.svg"" />","<img src=""ug-map-burkina_faso.png"" />","UG::Africa, UG::Sovereign_State, UG::West_Africa",22185654
Cameroon,"<img src=""ug-flag-cameroon.svg"" />","<img src=""ug-map-cameroon.png"" />","UG::Africa, UG::Sovereign_State",24348251
Burundi,"<img src=""ug-flag-burundi.svg"" />","<img src=""ug-map-burundi.png"" />","UG::Africa, UG::East_Africa, UG::Sovereign_State",12837740
Cape Verde,"<img src=""ug-flag-cape_verde.svg"" />","<img src=""ug-map-cape_verde.png"" />","UG::Africa, UG::Sovereign_State, UG::West_Africa",569509
São Tomé and Príncipe,"<img src=""ug-flag-sao_tome_and_principe.svg"" />","<img src=""ug-map-sao_tome_and_principe.png"" />","UG::Africa, UG::Sovereign_State",214610
Central African Republic,"<img src=""ug-flag-central_african_republic.svg"" />","<img src=""ug-map-central_african_republic.png"" />","UG::Africa, UG::Sovereign_State",5633412
Chad,"<img src=""ug-flag-chad.svg"" />","<img src=""ug-map-chad.png"" />","UG::Africa, UG::Sovereign_State",16818391
Equatorial Guinea,"<img src=""ug-flag-equatorial_guinea.svg"" />","<img src=""ug-map-equatorial_guinea.png"" />","UG::Africa, UG::Sovereign_State",1558160
Kenya,"<img src=""ug-flag-kenya.svg"" />","<img src=""ug-map-kenya.png"" />","UG::Africa, UG::East_Africa, UG::Sovereign_State",51526000
Comoros,"<img src=""ug-flag-comoros.svg"" />","<img src=""ug-map-comoros.png"" />","UG::Africa, UG::East_Africa, UG::Sovereign_State",758316
Ivory Coast,"<img src=""ug-flag-ivory_coast.svg"" />","<img src=""ug-map-ivory_coast.png"" />","UG::Africa, UG::Sovereign_State, UG::West_Africa",29389150
Democratic Republic of the Congo,"<img src=""ug-flag-democratic_republic_of_the_congo.svg"" />","<img src=""ug-map-democratic_republic_of_the_congo.png"" />","UG::Africa, UG::Sovereign_State",95370000
Djibouti,"<img src=""ug-flag-djibouti.svg"" />","<img src=""ug-map-djibouti.png"" />","UG::Africa, UG::East_Africa, UG::Sovereign_State",1001454
Guinea-Bissau,"<img src=""ug-flag-guinea-bissau.svg"" />","<img src=""ug-map-guinea-bissau.png"" />","UG::Africa, UG::Sovereign_State, UG::West_Africa",1781308
Eritrea,"<img src=""ug-flag-eritrea.svg"" />","<img src=""ug-map-eritrea.png"" />","UG::Africa, UG::East_Africa, UG::Sovereign_State",3748902
Ethiopia,"<img src=""ug-flag-ethiopia.svg"" />","<img src=""ug-map-ethiopia.png"" />","UG::Africa, UG::East_Africa, UG::Sovereign_State",105163988
Gabon,"<img src=""ug-flag-gabon.svg"" />","<img src=""ug-map-gabon.png"" />","UG::Africa, UG::Sovereign_State",2233272
The Gambia,"<img src=""ug-flag-the_gambia.svg"" />","<img src=""ug-map-the_gambia.png"" />","UG::Africa, UG::Sovereign_State, UG::West_Africa",2417471
Lesotho,"<img src=""ug-flag-lesotho.svg"" />","<img src=""ug-map-lesotho.png"" />","UG::Africa, UG::Sovereign_State",2306000
Liberia,"<img src=""ug-flag-liberia.svg"" />","<img src=""ug-map-liberia.png"" />","UG::Africa, UG::Sovereign_State, UG::West_Africa",4661010
Madagascar,"<img src=""ug-flag-madagascar.svg"" />","<img src=""ug-map-madagascar.png"" />","UG::Africa, UG::East_Africa, UG::Sovereign_State",26923353
Malawi,"<img src=""ug-flag-malawi.svg"" />","<img src=""ug-map-malawi.png"" />","UG::Africa, UG::East_Africa, UG::Sovereign_State",21507723
Mali,"<img src=""ug-flag-mali.svg"" />","<img src=""ug-map-mali.png"" />","UG::Africa, UG::Sovereign_State, UG::West_Africa",23293699
Mauritania,"<img src=""ug-flag-mauritania.svg"" />","<img src=""ug-map-mauritania.png"" />","UG::Africa, UG::Sovereign_State, UG::West_Africa",4372037
Mauritius,"<img src=""ug-flag-mauritius.svg"" />","<img src=""ug-map-mauritius.png"" />","UG::Africa, UG::East_Africa, UG::Sovereign_State",1261196
Morocco,"<img src=""ug-flag-morocco.svg"" />","<img src=""ug-map-morocco.png"" />","UG::Africa, UG::Mediterranean, UG::Sovereign_State",37063000
Mozambique,"<img src=""ug-flag-mozambique.svg"" />","<img src=""ug-map-mozambique.png"" />","UG::Africa, UG::East_Africa, UG::Sovereign_State",32419747
Namibia,"<img src=""ug-flag-namibia.svg"" />","<img src=""ug-map-namibia.png"" />","UG::Africa, UG::Sovereign_State",2641857
Niger,"<img src=""ug-flag-niger.svg"" />","<img src=""ug-map-niger.png"" />","UG::Africa, UG::Sovereign_State, UG::West_Africa",24112753
Nigeria,"<img src=""ug-flag-nigeria.svg"" />","<img src=""ug-map-nigeria.png"" />","UG::Africa, UG::Sovereign_State, UG::West_Africa",216783400
Republic of the Congo,"<img src=""ug-flag-republic_of_the_congo.svg"" />","<img src=""ug-map-republic_of_the_congo.png"" />","UG::Africa, UG::Sovereign_State",6106869
Rwanda,"<img src=""ug-flag-rwanda.svg"" />","<img src=""ug-map-rwanda.png"" />","UG::Africa, UG::East_Africa, UG::Sovereign_State",13246394
Senegal,"<img src=""ug-flag-senegal.svg"" />","<img src=""ug-map-senegal.png"" />","UG::Africa, UG::Sovereign_State, UG::West_Africa",17223497
Seychelles,"<img src=""ug-flag-seychelles.svg"" />","<img src=""ug-map-seychelles.png"" />","UG::Africa, UG::East_Africa, UG::Sovereign_State",100447
Sierra Leone,"<img src=""ug-flag-sierra_leone.svg"" />","<img src=""ug-map-sierra_leone.png"" />","UG::Africa, UG::Sovereign_State, UG::West_Africa",8494260
South Africa,"<img src=""ug-flag-south_africa.svg"" />","<img src=""ug-map-south_africa.png"" />","UG::Africa, UG::Sovereign_State",60604992
Sudan,"<img src=""ug-flag-sudan.svg"" />","<img src=""ug-map-sudan.png"" />","UG::Africa, UG::Sovereign_State",41984500
Eswatini,"<img src=""ug-flag-eswatini.svg"" />","<img src=""ug-map-eswatini.png"" />","UG::Africa, UG::Sovereign_State",1223362
Tanzania,"<img src=""ug-flag-tanzania.svg"" />","<img src=""ug-map-tanzania.png"" />","UG::Africa, UG::East_Africa, UG::Sovereign_State",61741120
Togo,"<img src=""ug-flag-togo.svg"" />","<img src=""ug-map-togo.png"" />","UG::Africa, UG::Sovereign_State, UG::West_Africa",8095498
Tunisia,"<img src=""ug-flag-tunisia.svg"" />","<img src=""ug-map-tunisia.png"" />","UG::Africa, UG::Mediterranean, UG::Sovereign_State",11803588
Uganda,"<img src=""ug-flag-uganda.svg"" />","<img src=""ug-map-uganda.png"" />","UG::Africa, UG::East_Africa, UG::Sovereign_State",42885900
Sahrawi Arab Democratic Republic,"<img src=""ug-flag-sahrawi_arab_democratic_republic.svg"" />","<img src=""ug-map-sahrawi_arab_democratic_republic.png"" />","UG::Africa, UG::Sovereign_State",612000
Zambia,"<img src=""ug-flag-zambia.svg"" />","<img src=""ug-map-zambia.png"" />","UG::Africa, UG::East_Africa, UG::Sovereign_State",19610769
Zimbabwe,"<img src=""ug-flag-zimbabwe.svg"" />","<img src=""ug-map-zimbabwe.png"" />","UG::Africa, UG::East_Africa, UG::Sovereign_State",15178979
Canary Islands,,"<img src=""ug-map-canary_islands.png"" />",UG::Africa,2172944
Afghanistan,"<img src=""ug-flag-afghanistan.svg"" />","<img src=""ug-map-afghanistan.png"" />","UG::Asia, UG::Sovereign_State",34262840
Bahrain,"<img src=""ug-flag-bahrain.svg"" />","<img src=""ug-map-bahrain.png"" />","UG::Asia, UG::Middle_East, UG::Sovereign_State",1504365
Bangladesh,"<img src=""ug-flag-bangladesh.svg"" />","<img src=""ug-map-bangladesh.png"" />","UG::Asia, UG::Sovereign_State",169828911
Bhutan,"<img src=""ug-flag-bhutan.svg"" />","<img src=""ug-map-bhutan.png"" />","UG::Asia, UG::Sovereign_State",763200
Brunei,"<img src=""ug-flag-brunei.svg"" />","<img src=""ug-map-brunei.png"" />","UG::Asia, UG::Southeast_Asia, UG::Sovereign_State",440715
China,"<img src=""ug-flag-china.svg"" />","<img src=""ug-map-china.png"" />","UG::Asia, UG::Sovereign_State",1411750000
Cambodia,"<img src=""ug-flag-cambodia.svg"" />","<img src=""ug-map-cambodia.png"" />","UG::Asia, UG::Southeast_Asia, UG::Sovereign_State",15552211
Indonesia,"<img src=""ug-flag-indonesia.svg"" />","<img src=""ug-map-indonesia.png"" />","UG::Asia, UG::Southeast_Asia, UG::Sovereign_State",277749853
India,"<img src=""ug-flag-india.svg"" />","<img src=""ug-map-india.png"" />","UG::Asia, UG::Sovereign_State",1392329000
Hong Kong,"<img src=""ug-flag-hong_kong.svg"" />","<img src=""ug-map-hong_kong.png"" />",UG::Asia,7333200
Iran,"<img src=""ug-flag-iran.svg"" />","<img src=""ug-map-iran.png"" />","UG::Asia, UG::Middle_East, UG::Sovereign_State",85207200
Israel,"<img src=""ug-flag-israel.svg"" />","<img src=""ug-map-israel.png"" />","UG::Asia, UG::Mediterranean, UG::Middle_East, UG::Sovereign_State",9756300
Iraq,"<img src=""ug-flag-iraq.svg"" />","<img src=""ug-map-iraq.png"" />","UG::Asia, UG::Middle_East, UG::Sovereign_State",43324000
South Korea,"<img src=""ug-flag-south_korea.svg"" />","<img src=""ug-map-south_korea.png"" />","UG::Asia, UG::Sovereign_State",51439038
North Korea,"<img src=""ug-flag-north_korea.svg"" />","<img src=""ug-map-north_korea.png"" />","UG::Asia, UG::Sovereign_State",25660000
Jordan,"<img src=""ug-flag-jordan.svg"" />","<img src=""ug-map-jordan.png"" />","UG::Asia, UG::Middle_East, UG::Sovereign_State",11451900
Japan,"<img src=""ug-flag-japan.svg"" />","<img src=""ug-map-japan.png"" />","UG::Asia, UG::Sovereign_State",124560000
Lebanon,"<img src=""ug-flag-lebanon.svg"" />","<img src=""ug-map-lebanon.png"" />","UG::Asia, UG::Mediterranean, UG::Middle_East, UG::Sovereign_State",5490000
Laos,"<img src=""ug-flag-laos.svg"" />","<img src=""ug-map-laos.png"" />","UG::Asia, UG::Southeast_Asia, UG::Sovereign_State",7337783
Kyrgyzstan,"<img src=""ug-flag-kyrgyzstan.svg"" />","<img src=""ug-map-kyrgyzstan.png"" />","UG::Asia, UG::Sovereign_State",7100000
Kuwait,"<img src=""ug-flag-kuwait.svg"" />","<img src=""ug-map-kuwait.png"" />","UG::Asia, UG::Middle_East, UG::Sovereign_State",4670713
Myanmar,"<img src=""ug-flag-myanmar.svg"" />","<img src=""ug-map-myanmar.png"" />","UG::Asia, UG::Southeast_Asia, UG::Sovereign_State",55770232
Mongolia,"<img src=""ug-flag-mongolia.svg"" />","<img src=""ug-map-mongolia.png"" />","UG::Asia, UG::Sovereign_State",3457548
Maldives,"<img src=""ug-flag-maldives.svg"" />","<img src=""ug-map-maldives.png"" />","UG::Asia, UG::Sovereign_State",397372
Malaysia,"<img src=""ug-flag-malaysia.svg"" />","<img src=""ug-map-malaysia.png"" />","UG::Asia, UG::Southeast_Asia, UG::Sovereign_State",32703700
Oman,"<img src=""ug-flag-oman.svg"" />","<img src=""ug-map-oman.png"" />","UG::Asia, UG::Middle_East, UG::Sovereign_State",5079514
Nepal,"<img src=""ug-flag-nepal-nobox.svg"" />","<img src=""ug-map-nepal.png"" />","UG::Asia, UG::Sovereign_State",29164578
Palestine,"<img src=""ug-flag-palestine.svg"" />","<img src=""ug-map-palestine.png"" />","UG::Asia, UG::Mediterranean, UG::Middle_East, UG::Sovereign_State",5483450
Pakistan,"<img src=""ug-flag-pakistan.svg"" />","<img src=""ug-map-pakistan.png"" />","UG::Asia, UG::Sovereign_State",220425254
Qatar,"<img src=""ug-flag-qatar.svg"" />","<img src=""ug-map-qatar.png"" />","UG::Asia, UG::Middle_East, UG::Sovereign_State",3005069
Saudi Arabia,"<img src=""ug-flag-saudi_arabia.svg"" />","<img src=""ug-map-saudi_arabia.png"" />","UG::Asia, UG::Middle_East, UG::Sovereign_State",32175224
Singapore,"<img src=""ug-flag-singapore.svg"" />","<img src=""ug-map-singapore.png"" />","UG::Asia, UG::Southeast_Asia, UG::Sovereign_State",5453600
Syria,"<img src=""ug-flag-syria.svg"" />","<img src=""ug-map-syria.png"" />","UG::Asia, UG::Mediterranean, UG::Middle_East, UG::Sovereign_State",22923000
Taiwan,"<img src=""ug-flag-taiwan.svg"" />","<img src=""ug-map-taiwan.png"" />","UG::Asia, UG::Sovereign_State",23373283
Sri Lanka,"<img src=""ug-flag-sri_lanka.svg"" />","<img src=""ug-map-sri_lanka.png"" />","UG::Asia, UG::Sovereign_State",22181000
Tajikistan,"<img src=""ug-flag-tajikistan.svg"" />","<img src=""ug-map-tajikistan.png"" />","UG::Asia, UG::Sovereign_State",10077600
Thailand,"<img src=""ug-flag-thailand.svg"" />","<img src=""ug-map-thailand.png"" />","UG::Asia, UG::Southeast_Asia, UG::Sovereign_State",68263022
East Timor,"<img src=""ug-flag-east_timor.svg"" />","<img src=""ug-map-east_timor.png"" />","UG::Asia, UG::Southeast_Asia, UG::Sovereign_State",1354662
United Arab Emirates,"<img src=""ug-flag-united_arab_emirates.svg"" />","<img src=""ug-map-united_arab_emirates.png"" />","UG::Asia, UG::Middle_East, UG::Sovereign_State",9282410
Turkmenistan,"<img src=""ug-flag-turkmenistan.svg"" />","<img src=""ug-map-turkmenistan.png"" />","UG::Asia, UG::Sovereign_State",6516100
Yemen,"<img src=""ug-flag-yemen.svg"" />","<img src=""ug-map-yemen.png"" />","UG::Asia, UG::Middle_East, UG::Sovereign_State",31890000
Vietnam,"<img src=""ug-flag-vietnam.svg"" />","<img src=""ug-map-vietnam.png"" />","UG::Asia, UG::Southeast_Asia, UG::Sovereign_State",100000000
Uzbekistan,"<img src=""ug-flag-uzbekistan.svg"" />","<img src=""ug-map-uzbekistan.png"" />","UG::Asia, UG::Sovereign_State",36197788
Fiji,"<img src=""ug-flag-fiji.svg"" />","<img src=""ug-map-fiji.png"" />","UG::Oceania, UG::Sovereign_State",893468
Papua New Guinea,"<img src=""ug-flag-papua_new_guinea.svg"" />","<img src=""ug-map-papua_new_guinea.png"" />","UG::Oceania, UG::Sovereign_State",11781559
Australia,"<img src=""ug-flag-australia.svg"" />","<img src=""ug-map-australia.png"" />","UG::Oceania, UG::Sovereign_State",26683000
Solomon Islands,"<img src=""ug-flag-solomon_islands.svg"" />","<img src=""ug-map-solomon_islands.png"" />","UG::Oceania, UG::Sovereign_State",728041
Argentina,"<img src=""ug-flag-argentina.svg"" />","<img src=""ug-map-argentina.png"" />","UG::South_America, UG::Sovereign_State",46044703
Bolivia,"<img src=""ug-flag-bolivia-blur.svg"" /><img src=""ug-flag-bolivia.svg"" />","<img src=""ug-map-bolivia.png"" />","UG::South_America, UG::Sovereign_State",12006031
Brazil,"<img src=""ug-flag-brazil.svg"" />","<img src=""ug-map-brazil.png"" />","UG::South_America, UG::Sovereign_State",203062512
Chile,"<img src=""ug-flag-chile.svg"" />","<img src=""ug-map-chile.png"" />","UG::South_America, UG::Sovereign_State",19960889
Colombia,"<img src=""ug-flag-colombia.svg"" />","<img src=""ug-map-colombia.png"" />","UG::South_America, UG::Sovereign_State",52215503
Ecuador,"<img src=""ug-flag-ecuador.svg"" />","<img src=""ug-map-ecuador.png"" />","UG::South_America, UG::Sovereign_State",18347000
Guyana,"<img src=""ug-flag-guyana.svg"" />","<img src=""ug-map-guyana.png"" />","UG::South_America, UG::Sovereign_State",743699
Paraguay,"<img src=""ug-flag-paraguay-blur.svg"" /><img src=""ug-flag-paraguay.svg"" />","<img src=""ug-map-paraguay.png"" />","UG::South_America, UG::Sovereign_State",7453695
Peru,"<img src=""ug-flag-peru.svg"" />","<img src=""ug-map-peru.png"" />","UG::South_America, UG::Sovereign_State",33396698
Suriname,"<img src=""ug-flag-suriname.svg"" />","<img src=""ug-map-suriname.png"" />","UG::South_America, UG::Sovereign_State",616500
Uruguay,"<img src=""ug-flag-uruguay.svg"" />","<img src=""ug-map-uruguay.png"" />","UG::South_America, UG::Sovereign_State",3566550
Venezuela,"<img src=""ug-flag-venezuela.svg"" />","<img src=""ug-map-venezuela.png"" />","UG::South_America, UG::Sovereign_State",28302000
Cook Islands,"<img src=""ug-flag-cook_islands.svg"" />","<img src=""ug-map-cook_islands.png"" />","UG::Oceania, UG::Sovereign_State",15040
Federated States of Micronesia,"<img src=""ug-flag-federated_states_of_micronesia.svg"" />","<img src=""ug-map-federated_states_of_micronesia.png"" />","UG::Oceania, UG::Sovereign_State",105754
Guam,"<img src=""ug-flag-guam-blur.svg"" /><img src=""ug-flag-guam.svg"" />","<img src=""ug-map-guam.png"" />",UG::Oceania,153836
Vanuatu,"<img src=""ug-flag-vanuatu.svg"" />","<img src=""ug-map-vanuatu.png"" />","UG::Oceania, UG::Sovereign_State",301295
Canada,"<img src=""ug-flag-canada.svg"" />","<img src=""ug-map-canada.png"" />","UG::North_America, UG::Sovereign_State",40238600
United States of America,"<img src=""ug-flag-united_states_of_america.svg"" />","<img src=""ug-map-united_states_of_america.png"" />","UG::North_America, UG::Sovereign_State",335236000
Mexico,"<img src=""ug-flag-mexico.svg"" />","<img src=""ug-map-mexico.png"" />","UG::North_America, UG::Sovereign_State",129035733
Puerto Rico,"<img src=""ug-flag-puerto_rico.svg"" />","<img src=""ug-map-puerto_rico.png"" />","UG::Caribbean, UG::North_America",3221789
Cuba,"<img src=""ug-flag-cuba.svg"" />","<img src=""ug-map-cuba.png"" />","UG::Caribbean, UG::North_America, UG::Sovereign_State",11089511
Dominican Republic,"<img src=""ug-flag-dominican_republic.svg"" />","<img src=""ug-map-dominican_republic.png"" />","UG::Caribbean, UG::North_America, UG::Sovereign_State",10535535
Haiti,"<img src=""ug-flag-haiti.svg"" />","<img src=""ug-map-haiti.png"" />","UG::Caribbean, UG::North_America, UG::Sovereign_State",11743017
Jamaica,"<img src=""ug-flag-jamaica.svg"" />","<img src=""ug-map-jamaica.png"" />","UG::Caribbean, UG::North_America, UG::Sovereign_State",2825544
Trinidad and Tobago,"<img src=""ug-flag-trinidad_and_tobago.svg"" />","<img src=""ug-map-trinidad_and_tobago.png"" />","UG::Caribbean, UG::North_America, UG::Sovereign_State",1365805
Bermuda,,"<img src=""ug-map-bermuda.png"" />","UG::Caribbean, UG::North_America",64055
Guadeloupe,,"<img src=""ug-map-guadeloupe.png"" />","UG::Caribbean, UG::North_America",383559
The Bahamas,"<img src=""ug-flag-the_bahamas.svg"" />","<img src=""ug-map-the_bahamas.png"" />","UG::Caribbean, UG::North_America, UG::Sovereign_State",397360
Barbados,"<img src=""ug-flag-barbados.svg"" />","<img src=""ug-map-barbados.png"" />","UG::Caribbean, UG::North_America, UG::Sovereign_State",267800
Belize,"<img src=""ug-flag-belize.svg"" />","<img src=""ug-map-belize.png"" />","UG::North_America, UG::Sovereign_State",441471
Costa Rica,"<img src=""ug-flag-costa_rica-blur.svg"" /><img src=""ug-flag-costa_rica.svg"" />","<img src=""ug-map-costa_rica.png"" />","UG::North_America, UG::Sovereign_State",5213362
El Salvador,"<img src=""ug-flag-el_salvador-blur.svg"" /><img src=""ug-flag-el_salvador.svg"" />","<img src=""ug-map-el_salvador.png"" />","UG::North_America, UG::Sovereign_State",6884888
Guatemala,"<img src=""ug-flag-guatemala.svg"" />","<img src=""ug-map-guatemala.png"" />","UG::North_America, UG::Sovereign_State",17109746
Honduras,"<img src=""ug-flag-honduras.svg"" />","<img src=""ug-map-honduras.png"" />","UG::North_America, UG::Sovereign_State",9745149
Nicaragua,"<img src=""ug-flag-nicaragua-blur.svg"" /><img src=""ug-flag-nicaragua.svg"" />","<img src=""ug-map-nicaragua.png"" />","UG::North_America, UG::Sovereign_State",6595674
Panama,"<img src=""ug-flag-panama.svg"" />","<img src=""ug-map-panama.png"" />","UG::North_America, UG::Sovereign_State",4278500
Antigua and Barbuda,"<img src=""ug-flag-antigua_and_barbuda.svg"" />","<img src=""ug-map-antigua_and_barbuda.png"" />","UG::Caribbean, UG::North_America, UG::Sovereign_State",100772
Dominica,"<img src=""ug-flag-dominica.svg"" />","<img src=""ug-map-dominica.png"" />","UG::Caribbean, UG::North_America, UG::Sovereign_State",67408
Saint Vincent and the Grenadines,"<img src=""ug-flag-saint_vincent_and_the_grenadines.svg"" />","<img src=""ug-map-saint_vincent_and_the_grenadines.png"" />","UG::Caribbean, UG::North_America, UG::Sovereign_State",110872
Somalia,"<img src=""ug-flag-somalia.svg"" />","<img src=""ug-map-somalia.png"" />","UG::Africa, UG::East_Africa, UG::Sovereign_State",18143379
Zanzibar,,"<img src=""ug-map-zanzibar.png"" />",UG::Africa,1889773
Ghana,"<img src=""ug-flag-ghana.svg"" />","<img src=""ug-map-ghana.png"" />","UG::Africa, UG::Sovereign_State, UG::West_Africa",30832019
Guinea,"<img src=""ug-flag-guinea.svg"" />","<img src=""ug-map-guinea.png"" />","UG::Africa, UG::Sovereign_State, UG::West_Africa",13261638
New Zealand,"<img src=""ug-flag-new_zealand.svg"" />","<img src=""ug-map-new_zealand.png"" />","UG::Oceania, UG::Sovereign_State",5199100
French Polynesia,"<img src=""ug-flag-french_polynesia.svg"" />","<img src=""ug-map-french_polynesia.png"" />",UG::Oceania,279890
Philippines,"<img src=""ug-flag-philippines.svg"" />","<img src=""ug-map-philippines.png"" />","UG::Asia, UG::Southeast_Asia, UG::Sovereign_State",110672000
Kosovo,"<img src=""ug-flag-kosovo.svg"" />","<img src=""ug-map-kosovo.png"" />","UG::Europe, UG::Sovereign_State",1798188
Libya,"<img src=""ug-flag-libya.svg"" />","<img src=""ug-map-libya.png"" />","UG::Africa, UG::Mediterranean, UG::Sovereign_State",6931061
Palau,"<img src=""ug-flag-palau.svg"" />","<img src=""ug-map-palau.png"" />","UG::Oceania, UG::Sovereign_State",16733
Saint Lucia,"<img src=""ug-flag-saint_lucia.svg"" />","<img src=""ug-map-saint_lucia.png"" />","UG::Caribbean, UG::North_America, UG::Sovereign_State",178696
Bali,,"<img src=""ug-map-bali.png"" />",UG::Asia,4415100
Grenada,"<img src=""ug-flag-grenada.svg"" />","<img src=""ug-map-grenada.png"" />","UG::Caribbean, UG::North_America, UG::Sovereign_State",112579
British Virgin Islands,,"<img src=""ug-map-british_virgin_islands.png"" />","UG::Caribbean, UG::North_America",31538
Turks and Caicos Islands,,"<img src=""ug-map-turks_and_caicos_islands.png"" />","UG::Caribbean, UG::North_America",46131
Cayman Islands,,"<img src=""ug-map-cayman_islands.png"" />","UG::Caribbean, UG::North_America",71105
Anguilla,,"<img src=""ug-map-anguilla.png"" />","UG::Caribbean, UG::North_America",15701
Azores,,"<img src=""ug-map-azores.png"" />",UG::Europe,236440
Curaçao,"<img src=""ug-flag-curacao.svg"" />","<img src=""ug-map-curacao.png"" />","UG::Caribbean, UG::North_America",148925
French Guiana,,"<img src=""ug-map-french_guiana.png"" />",UG::South_America,301099
Gibraltar,,"<img src=""ug-map-gibraltar.png"" />","UG::Europe, UG::Mediterranean",34003
Guernsey,,"<img src=""ug-map-guernsey.png"" />",UG::Europe,64234
Isle of Man,,"<img src=""ug-map-isle_of_man.png"" />",UG::Europe,84069
Jersey,,"<img src=""ug-map-jersey.png"" />",UG::Europe,107800
Kiribati,"<img src=""ug-flag-kiribati.svg"" />","<img src=""ug-map-kiribati.png"" />","UG::Oceania, UG::Sovereign_State",120740
Macau,"<img src=""ug-flag-macau.svg"" />","<img src=""ug-map-macau.png"" />",UG::Asia,673600
Madeira,,"<img src=""ug-map-madeira.png"" />",UG::Europe,250769
Marshall Islands,"<img src=""ug-flag-marshall_islands.svg"" />","<img src=""ug-map-marshall_islands.png"" />","UG::Oceania, UG::Sovereign_State",39262
Nauru,"<img src=""ug-flag-nauru.svg"" />","<img src=""ug-map-nauru.png"" />","UG::Oceania, UG::Sovereign_State",11832
New Caledonia,"<img src=""ug-flag-new_caledonia.svg"" />","<img src=""ug-map-new_caledonia.png"" />",UG::Oceania,273674
Niue,"<img src=""ug-flag-niue.svg"" />","<img src=""ug-map-niue.png"" />","UG::Oceania, UG::Sovereign_State",1549
Northern Cyprus,"<img src=""ug-flag-northern_cyprus.svg"" />","<img src=""ug-map-northern_cyprus.png"" />","UG::Asia, UG::Mediterranean, UG::Middle_East, UG::Sovereign_State",382836
Saint Kitts and Nevis,"<img src=""ug-flag-saint_kitts_and_nevis.svg"" />","<img src=""ug-map-saint_kitts_and_nevis.png"" />","UG::Caribbean, UG::North_America, UG::Sovereign_State",47195
Samoa,"<img src=""ug-flag-samoa.svg"" />","<img src=""ug-map-samoa.png"" />","UG::Oceania, UG::Sovereign_State",205557
Somaliland,"<img src=""ug-flag-somaliland.svg"" />","<img src=""ug-map-somaliland.png"" />","UG::Africa, UG::East_Africa, UG::Sovereign_State",4500000
South Sudan,"<img src=""ug-flag-south_sudan.svg"" />","<img src=""ug-map-south_sudan.png"" />","UG::Africa, UG::East_Africa, UG::Sovereign_State",13249924
Tuvalu,"<img src=""ug-flag-tuvalu.svg"" />","<img src=""ug-map-tuvalu.png"" />","UG::Oceania, UG::Sovereign_State",10679
United States Virgin Islands,"<img src=""ug-flag-united_states_virgin_islands.svg"" />","<img src=""ug-map-united_states_virgin_islands.png"" />","UG::Caribbean, UG::North_America",87146
Åland Islands,"<img src=""ug-flag-aland_islands.svg"" />","<img src=""ug-map-aland_islands.png"" />",UG::Europe,30533
South Ossetia,"<img src=""ug-flag-south_ossetia.svg"" />","<img src=""ug-map-south_ossetia.png"" />","UG::Asia, UG::Sovereign_State",56520
American Samoa,,"<img src=""ug-map-american_samoa.png"" />",UG::Oceania,49710
Northern Mariana Islands,,"<img src=""ug-map-northern_mariana_islands.png"" />",UG::Oceania,47329
Aruba,"<img src=""ug-flag-aruba.svg"" />","<img src=""ug-map-aruba.png"" />","UG::Caribbean, UG::North_America",106739
Abkhazia,"<img src=""ug-flag-abkhazia.svg"" />","<img src=""ug-map-abkhazia.png"" />","UG::Europe, UG::Sovereign_State",245424
Sint Maarten,,"<img src=""ug-map-sint_maarten.png"" />","UG::Caribbean, UG::North_America",42938
Republic of Artsakh,"<img src=""ug-flag-republic_of_artsakh.svg"" />","<img src=""ug-map-republic_of_artsakh.png"" />","UG::Asia, UG::Sovereign_State",120000
Tonga,"<img src=""ug-flag-tonga.svg"" />","<img src=""ug-map-tonga.png"" />","UG::Oceania, UG::Sovereign_State",100179
Transnistria,"<img src=""ug-flag-transnistria.svg"" />","<img src=""ug-map-transnistria.png"" />","UG::Europe, UG::Sovereign_State",360938
Sardinia,,"<img src=""ug-map-sardinia.png"" />",UG::Europe,1628384
Kaliningrad Oblast,,"<img src=""ug-map-kaliningrad_oblast.png"" />",UG::Europe,1029966
Martinique,,"<img src=""ug-map-martinique.png"" />","UG::Caribbean, UG::North_America",361225
Java,,"<img src=""ug-map-java.png"" />",UG::Asia,151600000
Corsica,,"<img src=""ug-map-corsica.png"" />",UG::Europe,351255
European Union,"<img src=""ug-flag-european_union.svg"" />","<img src=""ug-map-european_union.png"" />",UG::Europe,448387872
Gulf of Mexico,,"<img src=""ug-map-gulf_of_mexico.png"" />",UG::Oceans+Seas,
Philippine Sea,,"<img src=""ug-map-philippine_sea.png"" />",UG::Oceans+Seas,
Southern Ocean,,"<img src=""ug-map-southern_ocean-nobox.png"" />",UG::Oceans+Seas,
Gulf of Thailand,,"<img src=""ug-map-gulf_of_thailand.png"" />",UG::Oceans+Seas,
Micronesia,,"<img src=""ug-map-micronesia.png"" />",UG::Oceania,
Pacific Ocean,,"<img src=""ug-map-pacific_ocean-nobox.png"" />",UG::Oceans+Seas,
Atlantic Ocean,,"<img src=""ug-map-atlantic_ocean-nobox.png"" />",UG::Oceans+Seas,
Indian Ocean,,"<img src=""ug-map-indian_ocean-nobox.png"" />",UG::Oceans+Seas,
Arctic Ocean,,"<img src=""ug-map-arctic_ocean-nobox.png"" />",UG::Oceans+Seas,
Hudson Bay,,"<img src=""ug-map-hudson_bay.png"" />",UG::Oceans+Seas,
Labrador Sea,,"<img src=""ug-map-labrador_sea.png"" />",UG::Oceans+Seas,
White Sea,,"<img src=""ug-map-white_sea.png"" />",UG::Oceans+Seas,
Denmark Strait,,"<img src=""ug-map-denmark_strait.png"" />",UG::Oceans+Seas,
Norwegian Sea,,"<img src=""ug-map-norwegian_sea.png"" />",UG::Oceans+Seas,
Baltic Sea,,"<img src=""ug-map-baltic_sea.png"" />",UG::Oceans+Seas,
Celtic Sea,,"<img src=""ug-map-celtic_sea.png"" />",UG::Oceans+Seas,
English Channel,,"<img src=""ug-map-english_channel.png"" />",UG::Oceans+Seas,
Adriatic Sea,,"<img src=""ug-map-adriatic_sea.png"" />",UG::Oceans+Seas,
Bay of Biscay,,"<img src=""ug-map-bay_of_biscay.png"" />",UG::Oceans+Seas,
Black Sea,,"<img src=""ug-map-black_sea.png"" />",UG::Oceans+Seas,
Aegean Sea,,"<img src=""ug-map-aegean_sea.png"" />",UG::Oceans+Seas,
Balkan Peninsula,,"<img src=""ug-map-balkan_peninsula.png"" />",UG::Europe,
Caspian Sea,,"<img src=""ug-map-caspian_sea.png"" />",UG::Oceans+Seas,
Mediterranean Sea,,"<img src=""ug-map-mediterranean_sea.png"" />",UG::Oceans+Seas,
East Siberian Sea,,"<img src=""ug-map-east_siberian_sea.png"" />",UG::Oceans+Seas,
Bering Strait,,"<img src=""ug-map-bering_strait.png"" />",UG::Oceans+Seas,
Arabian Sea,,"<img src=""ug-map-arabian_sea.png"" />",UG::Oceans+Seas,
Red Sea,,"<img src=""ug-map-red_sea.png"" />",UG::Oceans+Seas,
Dead Sea,,"<img src=""ug-map-dead_sea.png"" />",UG::Oceans+Seas,
Bay of Bengal,,"<img src=""ug-map-bay_of_bengal.png"" />",UG::Oceans+Seas,
Sea of Japan,,"<img src=""ug-map-sea_of_japan.png"" />",UG::Oceans+Seas,
Yellow Sea,,"<img src=""ug-map-yellow_sea.png"" />",UG::Oceans+Seas,
Coral Sea,,"<img src=""ug-map-coral_sea.png"" />",UG::Oceans+Seas,
South China Sea,,"<img src=""ug-map-south_china_sea.png"" />",UG::Oceans+Seas,
Tasman Sea,,"<img src=""ug-map-tasman_sea.png"" />",UG::Oceans+Seas,
Gulf of Carpentaria,,"<img src=""ug-map-gulf_of_carpentaria.png"" />",UG::Oceans+Seas,
Aral Sea,,"<img src=""ug-map-aral_sea.png"" />",UG::Oceans+Seas,
Persian Gulf,,"<img src=""ug-map-persian_gulf.png"" />",UG::Oceans+Seas,
Caribbean Sea,,"<img src=""ug-map-caribbean_sea.png"" />",UG::Oceans+Seas,
Gulf of California,,"<img src=""ug-map-gulf_of_california.png"" />",UG::Oceans+Seas,
Polynesia,,"<img src=""ug-map-polynesia.png"" />",UG::Oceania,
Melanesia,,"<img src=""ug-map-melanesia.png"" />",UG::Oceania,
Scandinavia,,"<img src=""ug-map-scandinavia.png"" />",UG::Europe,
Sea of Galilee,,"<img src=""ug-map-sea_of_galilee.png"" />",UG::Oceans+Seas,
Sumatra,,"<img src=""ug-map-sumatra.png"" />",UG::Asia,59977300
Sicily,,"<img src=""ug-map-sicily.png"" />",UG::Europe,4969147
Mayotte,,"<img src=""ug-map-mayotte.png"" />","UG::Africa, UG::East_Africa",310022
Réunion,,"<img src=""ug-map-reunion.png"" />","UG::Africa, UG::East_Africa",873102
Falkland Islands,,"<img src=""ug-map-falkland_islands.png"" />",UG::South_America,3662
Europe,,"<img src=""ug-map-europe-nobox.png"" />",UG::Continents,
North America,,"<img src=""ug-map-north_america-nobox.png"" />",UG::Continents,
South America,,"<img src=""ug-map-south_america-nobox.png"" />",UG::Continents,
Asia,,"<img src=""ug-map-asia-nobox.png"" />",UG::Continents,
Africa,,"<img src=""ug-map-africa-nobox.png"" />",UG::Continents,
Oceania,,"<img src=""ug-map-oceania-nobox.png"" />",UG::Continents,
Antarctica,,"<img src=""ug-map-antarctica-nobox.png"" />",UG::Continents,
Saint Martin,,"<img src=""ug-map-saint_martin.png"" />","UG::Caribbean, UG::North_America",32358
Wallis and Futuna,,"<img src=""ug-map-wallis_and_futuna.png"" />",UG::Oceania,11369
Akrotiri and Dhekelia,,"<img src=""ug-map-akrotiri_and_dhekelia.png"" />","UG::Asia, UG::Mediterranean, UG::Middle_East",18195
Svalbard,,"<img src=""ug-map-svalbard.png"" />",UG::Europe,2530
Hawaii,,"<img src=""ug-map-hawaii.png"" />",UG::Oceania,1455271
Alaska,,"<img src=""ug-map-alaska.png"" />",UG::North_America,736081
Bougainville,,"<img src=""ug-map-bougainville.png"" />",UG::Oceania,249358
Jeju,,"<img src=""ug-map-jeju.png"" />",UG::Asia,678324
Banda Sea,,"<img src=""ug-map-banda_sea.png"" />",UG::Oceans+Seas,
Barents Sea,,"<img src=""ug-map-barents_sea.png"" />",UG::Oceans+Seas,
Celebes Sea,,"<img src=""ug-map-celebes_sea.png"" />",UG::Oceans+Seas,
East China Sea,,"<img src=""ug-map-east_china_sea.png"" />",UG::Oceans+Seas,
Gulf of Alaska,,"<img src=""ug-map-gulf_of_alaska.png"" />",UG::Oceans+Seas,
Gulf of Guinea,,"<img src=""ug-map-gulf_of_guinea.png"" />",UG::Oceans+Seas,
North Sea,,"<img src=""ug-map-north_sea.png"" />",UG::Oceans+Seas,
Sea of Okhotsk,,"<img src=""ug-map-sea_of_okhotsk.png"" />",UG::Oceans+Seas,
Timor Sea,,"<img src=""ug-map-timor_sea.png"" />",UG::Oceans+Seas,
